Workbook
Name Slicer_Company: #N/A
Name Slicer_Event: #N/A
Name Slicer_Years: #N/A

Sheet Clean Data
A1: Date | B1: Company | C1: R&D_Spending_USD_Mn | D1: AI_Revenue_USD_Mn | E1: AI_Revenue_Growth_% | F1: Event | G1: Event_Flag | H1: Stock_Impact_%
A2: 42005 | B2: OpenAI | C2: 5.92 | D2: 0.63 | E2: -36.82 | F2: No Event | G2: =IF(Table2[[#This Row],[Event]]="No Event", "No", "Yes") -> No | H2: -0.36
A3: 42006 | B3: OpenAI | C3: 5.41 | D3: 1.81 | E3: 80.59 | F3: No Event | G3: =IF(Table2[[#This Row],[Event]]="No Event", "No", "Yes") -> No | H3: 0.41
A4: 42007 | B4: OpenAI | C4: 4.5 | D4: 0.61 | E4: -38.88 | F4: No Event | G4: =IF(Table2[[#This Row],[Event]]="No Event", "No", "Yes") -> No | H4: 0.23
A5: 42008 | B5: OpenAI | C5: 5.45 | D5: 0.95 | E5: -5.34 | F5: No Event | G5: =IF(Table2[[#This Row],[Event]]="No Event", "No", "Yes") -> No | H5: 0.93
A6: 42009 | B6: OpenAI | C6: 3.4 | D6: 1.48 | E6: 48.45 | F6: No Event | G6: =IF(Table2[[#This Row],[Event]]="No Event", "No", "Yes") -> No | H6: -0.09
A7: 42010 | B7: OpenAI | C7: 5.47 | D7: 1.08 | E7: 8.32 | F7: No Event | G7: =IF(Table2[[#This Row],[Event]]="No Event", "No", "Yes") -> No | H7: 0.74
A8: 42011 | B8: OpenAI | C8: 6.95 | D8: 0.67 | E8: -32.95 | F8: No Event | G8: =IF(Table2[[#This Row],[Event]]="No Event", "No", "Yes") -> No | H8: -0.8
A9: 42012 | B9: OpenAI | C9: 5.06 | D9: 1.43 | E9: 43.49 | F9: No Event | G9: =IF(Table2[[#This Row],[Event]]="No Event", "No", "Yes") -> No | H9: -0.09
A10: 42013 | B10: OpenAI | C10: 5.26 | D10: 0.33 | E10: -67.28 | F10: No Event | G10: =IF(Table2[[#This Row],[Event]]="No Event", "No", "Yes") -> No | H10: -0.72
A11: 42014 | B11: OpenAI | C11: 2 | D11: 0.74 | E11: -25.8 | F11: No Event | G11: =IF(Table2[[#This Row],[Event]]="No Event", "No", "Yes") -> No | H11: 0.5
A12: 42015 | B12: OpenAI | C12: 5.34 | D12: 1.88 | E12: 88.19 | F12: No Event | G12: =IF(Table2[[#This Row],[Event]]="No Event", "No", "Yes") -> No | H12: -0.4
A13: 42016 | B13: OpenAI | C13: 6.1 | D13: 0.33 | E13: -66.82 | F13: No Event | G13: =IF(Table2[[#This Row],[Event]]="No Event", "No", "Yes") -> No | H13: -0.76
... A10960: 45657 | B10960: Meta | C10960: 100.08 | D10960: 103.41 | E10960: 417.04 | F10960: No Event | G10960: =IF(Table2[[#This Row],[Event]]="No Event", "No", "Yes") -> No | H10960: -0.16

Sheet Cleaning Book
A1: 1. Checked for duplicate rows (there was none)
A2: 2. Changed the formats of R and D, Revenue, Growth%, Stock Impact% into number format to ensure smooth analysis
A3: 3. Understanding of the dataset (Realized that the Event column was filled with specialized intervals of milestones in AI, so empty cells in the column could not simply be filled with the milestone in the preceeding cell)
A4: 4. Used Filter and Replace to fill empty cells in the Event column with 'No Event' in order for the blanks to become meaningful for analysis
A5: 5. Added a new column Event_Flag to different between days where there was significant AI milestone and days where there was none, for clearer analysis (Comparison between event days and no event days)

Sheet Pivot Tables, Charts andSlicers
A2: AI Revenue Trend over Time | D2: Company R&D Vs. Revenue by Company
A3: Row Labels | B3: Sum of AI_Revenue_USD_Mn | D3: Row Labels | E3: Sum of R&D_Spending_USD_Mn | F3: Sum of AI_Revenue_USD_Mn
A4: 2015 | B4: 18623.21 | D4: Google | E4: 423341.14 | F4: 284498.38
A5: 2016 | B5: 22361.2 | D5: Meta | E5: 264533.07 | F5: 189621.82
A6: 2017 | B6: 26776.8 | D6: OpenAI | E6: 26482.77 | F6: 9462.89
A7: 2018 | B7: 32164.44 | D7: Grand Total | E7: 714356.98 | F7: 483583.09
A8: 2019 | B8: 38580.32 | D8: Stock Impact by Event
A9: 2020 | B9: 46456.19 | D9: Row Labels | E9: Average of Stock_Impact_%
A10: 2021 | B10: 55591.14 | D10: GPT-3 release | E10: 8.5
A11: 2022 | B11: 66674.24 | D11: DALLÂ·E 2 release | E11: 9.8
A12: 2023 | B12: 80041.64 | D12: ChatGPT (GPT-3.5) launch | E12: 12
A13: 2024 | B13: 96313.91 | D13: GPT-4 release | E13: 15.2
A14: Grand Total | B14: 483583.09 | D14: GPT-5 release (predicted) | E14: 18.5
A15: AI Revenue Growth% | D15: Grand Total | E15: 12.8
A16: Row Labels | B16: Average of AI_Revenue_Growth_%
A17: Google | B17: 159.60231
A18: Meta | B18: 159.54222
A19: OpenAI | B19: 159.04343
A20: Grand Total | B20: 159.39599
A21: Aveage Stock Impact by Company
A22: Row Labels | B22: Average of Stock_Impact_%
A23: Meta | B23: 0.0097618396
A24: Google | B24: 0.026208596
A25: OpenAI | B25: 0.040709006
A26: Grand Total | B26: 0.025559814
A27: R&D Spending Share by Company
A28: Row Labels | B28: Sum of R&D_Spending_USD_Mn
A29: Google | B29: 423341.14
A30: Meta | B30: 264533.07
A31: OpenAI | B31: 26482.77
A32: Grand Total | B32: 714356.98
A33: KPIs
A34: Sum of AI_Revenue_USD_Mn | B34: Average of AI_Revenue_Growth_%
A35: 483583.09 | B35: 159.39599
A37: Sum of R&D_Spending_USD_Mn | B37: Average of Stock_Impact_%
A38: 714356.98 | B38: 0.025559814
A40: Count of Event
A41: 10959

Sheet Dashboard
D3: Total AI Revenue | H3: Total R&D Spending | L3: Average AI Revenue Growth | O3: Average Stock Impact | R3: Count of Events
D4: =GETPIVOTDATA("AI_Revenue_USD_Mn",'Pivot Tables, Charts andSlicers'!$A$34) -> 483583.09 | H4: =GETPIVOTDATA("R&D_Spending_USD_Mn",'Pivot Tables, Charts andSlicers'!$A$37) -> 714356.98 | L4: =GETPIVOTDATA("AI_Revenue_Growth_%",'Pivot Tables, Charts andSlicers'!$B$34) -> 159.39599 | O4: =GETPIVOTDATA("Stock_Impact_%",'Pivot Tables, Charts andSlicers'!$B$37) -> 0.025559814 | R4: =GETPIVOTDATA("Event",'Pivot Tables, Charts andSlicers'!$A$40) -> 10959
